time_min,100_1,100_2,100_3,100_4,90_1,90_2,90_3,90_4,80_1,80_2,80_3,80_4,70_1,70_2,70_3,70_4,60_1,60_2,60_3,60_4,50_1,50_2,50_3,50_4,25_1,25_2,25_3,25_4,12.5_1,12.5_2,12.5_3,12.5_4,6.25_1,6.25_2,6.25_3,6.25_4,3.125_1,3.125_2,3.125_3,3.125_4,1.5625_1,1.5625_2,1.5625_3,1.5625_4,0_1,0_2,0_3,0_4
0,307.75,407.75,313.75,300.75,342.25,292.25,208.25,270.25,404,242,393,336,262.25,303.25,458.25,167.25,355.25,436.25,264.25,310.25,292.25,181.25,347.25,313.25,352.25,332.25,203.25,339.25,363.75,306.75,236.75,258.75,387,389,334,348,154.75,239.75,322.75,361.75,324,260,412,327,222,354,296,332
15,407.5,545.5,551.5,450.5,485.75,481.75,465.75,415.75,566.25,448.25,500.25,492.25,325,386,429,443,464.75,505.75,452.75,463.75,445.75,413.75,531.75,411.75,504.5,525.5,562.5,399.5,429.5,429.5,495.5,337.5,425.25,545.25,431.25,479.25,524,423,483,443,589.75,515.75,521.75,485.75,515.75,404.75,488.75,492.75
30,488,444,554,567,580.75,631.75,667.75,568.75,482.25,562.25,585.25,526.25,572.5,570.5,665.5,580.5,583.75,574.75,629.75,663.75,453,511,599,689,496.75,568.75,511.75,530.75,632.75,567.75,653.75,709.75,625.5,551.5,595.5,491.5,559.75,639.75,730.75,727.75,642.25,685.25,592.25,537.25,609.5,639.5,565.5,564.5
45,607.75,605.75,620.75,668.75,586.5,655.5,750.5,713.5,657.25,693.25,688.25,679.25,712.75,657.75,721.75,597.75,523.5,742.5,804.5,558.5,658.25,631.25,685.25,669.25,649.5,702.5,715.5,646.5,563.75,539.75,517.75,568.75,581.5,715.5,702.5,507.5,722.75,646.75,858.75,727.75,611.5,709.5,777.5,655.5,507.25,641.25,590.25,554.25
60,722.5,653.5,665.5,725.5,720.5,652.5,785.5,692.5,613.75,737.75,729.75,631.75,744.5,632.5,734.5,502.5,643.75,591.75,606.75,704.75,640,629,591,658,562.75,773.75,655.75,553.75,784.75,718.75,681.75,624.75,628.25,802.25,636.25,615.25,748.5,761.5,724.5,702.5,647.5,768.5,773.5,692.5,681.25,768.25,657.25,841.25
75,732.5,602.5,678.5,817.5,644.75,650.75,825.75,616.75,621.5,645.5,531.5,563.5,726.5,645.5,830.5,591.5,611,786,608,655,620.5,530.5,742.5,637.5,593.75,754.75,765.75,768.75,730.5,696.5,618.5,620.5,808.75,794.75,865.75,768.75,735.25,845.25,793.25,765.25,702.75,832.75,752.75,684.75,787.25,740.25,684.25,622.25
90,733,754,629,729,546,685,737,659,669.25,597.25,774.25,669.25,664,667,689,706,691.25,694.25,683.25,747.25,588,637,772,637,579.75,657.75,562.75,681.75,672.25,678.25,700.25,592.25,719.75,776.75,737.75,740.75,745.5,726.5,737.5,815.5,746,798,723,696,726.25,758.25,857.25,852.25
105,831.5,658.5,794.5,733.5,717.75,699.75,738.75,728.75,806.25,774.25,744.25,632.25,676.75,637.75,721.75,588.75,558,699,693,598,593,692,643,725,671.25,721.25,691.25,765.25,753.75,724.75,757.75,847.75,684.5,711.5,792.5,836.5,807.25,680.25,824.25,830.25,806.25,882.25,875.25,802.25,778,826,779,777
120,698.75,710.75,730.75,855.75,757,698,764,763,805.75,799.75,789.75,726.75,773.25,756.25,859.25,726.25,828,805,850,743,721.25,800.25,708.25,705.25,766.25,857.25,862.25,745.25,728,758,815,818,718,853,726,838,696.5,826.5,880.5,858.5,891.5,974.5,931.5,746.5,752.75,807.75,749.75,780.75
135,793.5,749.5,825.5,760.5,906.5,820.5,873.5,711.5,843,812,727,757,599.25,731.25,731.25,672.25,834,861,854,940,723.25,674.25,698.25,753.25,751.25,748.25,778.25,726.25,818,920,927,790,774,908,810,855,937,908,918,856,902,756,904,783,666.75,871.75,659.75,774.75
150,782,822,828,639,829.25,893.25,864.25,776.25,837.5,766.5,925.5,905.5,1060.5,908.5,927.5,729.5,805.25,806.25,955.25,830.25,855.25,815.25,839.25,870.25,855,925,805,814,749.5,937.5,838.5,856.5,909.25,876.25,775.25,929.25,1007.5,979.5,991.5,940.5,930.5,841.5,976.5,812.5,831.75,837.75,799.75,688.75
165,872,883,847,981,889,963,913,829,960.75,883.75,871.75,841.75,964.5,793.5,897.5,908.5,1061.25,1025.25,1009.25,995.25,931,870,948,963,1027.25,933.25,976.25,1020.25,909.75,946.75,982.75,1030.75,1069.5,921.5,946.5,907.5,899.5,964.5,1044.5,1007.5,776,922,856,868,860.25,835.25,796.25,780.25
180,1009.5,1101.5,1028.5,1111.5,1013.75,1049.75,1062.75,949.75,1085.75,1026.75,997.75,1049.75,1100,1055,1068,908,1045.25,1079.25,1111.25,1060.25,903.25,982.25,913.25,998.25,869,1171,1100,1081,1071,1047,1147,1037,1087.25,979.25,1103.25,1043.25,1170.75,889.75,1026.75,1090.75,955.25,1063.25,1069.25,1009.25,831.75,824.75,787.75,903.75
195,1061.25,988.25,1166.25,1336.25,1104.25,1141.25,1123.25,1044.25,1061.25,1128.25,1145.25,1229.25,1098.75,1147.75,1323.75,1180.75,1061.5,1156.5,1151.5,1063.5,1036.25,1192.25,1173.25,1187.25,1151.25,1127.25,1233.25,1366.25,1209.5,1311.5,1235.5,1168.5,1215.25,1084.25,1243.25,1090.25,1209.75,1029.75,1083.75,1020.75,1067,1066,1171,973,712.75,820.75,844.75,955.75
210,1190,1299,1276,1351,1353,1323,1462,1384,1379.25,1299.25,1384.25,1332.25,1413.5,1369.5,1511.5,1452.5,1493.75,1389.75,1446.75,1478.75,1376.75,1390.75,1441.75,1348.75,1462,1362,1294,1465,1358.5,1390.5,1367.5,1286.5,1346,1286,1301,1207,1351.75,1098.75,1280.75,1309.75,1009.5,1072.5,1133.5,1039.5,873.25,799.25,806.25,915.25
225,1498,1687,1511,1613,1584.5,1635.5,1574.5,1544.5,1653.5,1466.5,1469.5,1584.5,1515.25,1453.25,1484.25,1529.25,1612.75,1721.75,1647.75,1580.75,1684,1463,1635,1676,1540.5,1534.5,1632.5,1522.5,1512,1542,1642,1607,1382.25,1409.25,1266.25,1329.25,1406.75,1339.75,1158.75,1195.75,1046.75,1086.75,1150.75,998.75,794.25,922.25,906.25,719.25
240,1735.75,1567.75,1642.75,1618.75,1593.5,1664.5,1817.5,1694.5,1743.5,1588.5,1748.5,1627.5,1765.25,1733.25,1964.25,1776.25,1888,1956,1884,1779,1800.25,1804.25,1809.25,1656.25,1794.75,1866.75,1721.75,1687.75,1533,1741,1474,1495,1541.25,1494.25,1450.25,1526.25,1359.5,1264.5,1283.5,1302.5,1305.5,1173.5,1336.5,1120.5,696.25,814.25,823.25,796.25
255,2001.75,1910.75,2002.75,1866.75,2022,2020,1912,2102,1993.5,2097.5,2082.5,1977.5,2107,2107,2315,1987,2054.5,2156.5,2127.5,2079.5,2166.25,1922.25,2118.25,2142.25,2114.5,2172.5,2140.5,2016.5,1845.5,1865.5,1769.5,1812.5,1686.5,1434.5,1555.5,1550.5,1433.5,1526.5,1312.5,1427.5,1176.75,1178.75,1277.75,1141.75,735.5,697.5,796.5,814.5
270,2192.75,2317.75,2258.75,2126.75,2180.25,2255.25,2480.25,2205.25,2404.5,2440.5,2340.5,2496.5,2536.25,2531.25,2489.25,2310.25,2323.75,2682.75,2499.75,2412.75,2533,2383,2456,2358,2329.25,2302.25,2463.25,2430.25,1937,1932,1994,2077,1721.5,1541.5,1669.5,1740.5,1515,1447,1543,1653,1329.75,1158.75,1276.75,1138.75,746.5,852.5,917.5,829.5
285,2366,2349,2662,2418,2620.25,2565.25,2752.25,2466.25,2744.75,2561.75,2674.75,2645.75,2814.5,2801.5,2986.5,2709.5,2704.25,2937.25,2890.25,2863.25,2953.25,2732.25,2888.25,2635.25,2661.25,2667.25,2731.25,2655.25,2345.75,2442.75,2240.75,2274.75,1745,1766,1757,1805,1503.75,1500.75,1468.75,1685.75,1457.25,1278.25,1425.25,1091.25,656.75,870.75,766.75,765.75
300,2547,2758,2991,2758,2985.5,2985.5,3081.5,2740.5,2925.25,3136.25,2984.25,3129.25,3152,3229,3202,3106,3138.25,3243.25,3362.25,3173.25,3179.5,3128.5,3446.5,3262.5,2956.5,3031.5,3067.5,2893.5,2442.5,2478.5,2515.5,2316.5,1856.25,1857.25,1940.25,1805.25,1739.5,1564.5,1532.5,1723.5,1250.5,1265.5,1390.5,1200.5,859.5,746.5,690.5,789.5
315,3224.5,3174.5,3411.5,3248.5,3325.75,3289.75,3508.75,3304.75,3549.25,3303.25,3621.25,3544.25,3522.5,3555.5,3894.5,3485.5,3658.75,3618.75,3632.75,3712.75,3794,3472,3642,3933,3401.25,3298.25,3382.25,3320.25,2592.75,2665.75,2606.75,2602.75,2117,1964,2107,1847,1651,1590,1396,1612,1437.25,1332.25,1447.25,1281.25,940.5,761.5,788.5,859.5
330,3606,3719,3838,3631,3775.25,3864.25,3872.25,3714.25,4107.25,3941.25,3865.25,3883.25,4244.5,4085.5,4071.5,3962.5,4203,4121,4391,4269,4194.75,4189.75,4149.75,4289.75,3790.75,3710.75,3818.75,4046.75,2757.5,2837.5,2900.5,2804.5,2211.75,2086.75,2147.75,2071.75,1784.25,1610.25,1662.25,1838.25,1340.5,1299.5,1575.5,1245.5,708.75,692.75,714.75,666.75
345,4414.75,4147.75,3930.75,4207.75,4446,4230,4294,4317,4463.75,4233.75,4442.75,4200.75,4396.75,4485.75,4766.75,4456.75,4538.75,4687.75,4710.75,4478.75,4736,4488,4776,4774,4209.25,4329.25,4236.25,4204.25,2965,3171,3039,2985,2118.25,2069.25,2115.25,1960.25,1815.25,1549.25,1764.25,1795.25,1464,1444,1501,1264,795.25,808.25,680.25,972.25
360,4978.75,4890.75,4639.75,4607.75,4770.25,4850.25,4620.25,4847.25,4988,4688,4774,4756,5153.5,4956.5,5255.5,4853.5,5239,5193,5386,5206,5457.5,5505.5,5401.5,5508.5,4631.75,4795.75,4586.75,4541.75,3248.25,3209.25,3118.25,3051.25,2339.75,2147.75,2216.75,2029.75,1770.75,1789.75,1758.75,1797.75,1538.75,1289.75,1467.75,1264.75,796.5,834.5,832.5,718.5
375,5588.75,5492.75,5187.75,5245.75,5301.5,5494.5,5508.5,5281.5,5482.25,5323.25,5587.25,5422.25,5734,5351,5927,5648,6393,6034,6231,6162,6223.5,5893.5,6191.5,6484.5,4958.25,4816.25,5028.25,4779.25,3223.25,3472.25,3237.25,2988.25,2294.75,2313.75,2353.75,2187.75,1707,1720,1679,1711,1524.75,1237.75,1548.75,1447.75,867,817,853,827
390,5948,5984,5635,5843,6172,6168,6016,5713,6378.75,5826.75,5775.75,5727.75,6285.5,6229.5,6409.5,6216.5,6792.75,6941.75,7051.75,6841.75,7003.25,6902.25,7027.25,7000.25,5165.5,5220.5,5214.5,5184.5,3314.5,3682.5,3262.5,3242.5,2288.5,2280.5,2316.5,1981.5,1700,1835,1731,1856,1352.25,1286.25,1472.25,1462.25,769,755,822,808
405,6771,6376,6331,6265,6620.5,6543.5,6585.5,6315.5,6891.75,6505.75,6387.75,6627.75,7362.75,7134.75,7518.75,7194.75,7879,7701,7775,7821,7592.75,7621.75,7838.75,7787.75,5506.5,5516.5,5493.5,5534.5,3430,3350,3419,3432,2348.25,2203.25,2390.25,2384.25,1858.75,1775.75,1657.75,1888.75,1545.75,1273.75,1453.75,1387.75,803,745,740,781
420,7375.75,6963.75,6963.75,6998.75,7346,7218,7169,6714,7350.25,7240.25,7246.25,7457.25,8299.75,8343.75,8426.75,8057.75,8777.5,8559.5,8668.5,8496.5,8544,8119,8211,8481,5944.25,5963.25,6056.25,5880.25,3538.5,3702.5,3627.5,3620.5,2473.5,2261.5,2364.5,2160.5,2004.25,1820.25,1717.25,1911.25,1568,1243,1492,1349,824.5,773.5,800.5,828.5
435,8077.25,7764.25,7555.25,7764.25,8292.25,7976.25,7973.25,7693.25,8568.25,8300.25,8115.25,8135.25,9375.5,9112.5,9567.5,9195.5,9498.75,9404.75,9403.75,9613.75,9062,8834,9256,9196,6014.25,6195.25,5892.25,6001.25,3500.75,3662.75,3607.75,3514.75,2447,2405,2500,2463,1925.5,1851.5,1751.5,1936.5,1555,1424,1586,1517,712.5,778.5,705.5,717.5
450,8934.75,8430.75,8508.75,8529.75,8903.75,8578.75,8551.75,8422.75,9308.25,9444.25,9168.25,9064.25,10703.5,10124.5,10536.5,10334.5,9901,10120,10057,9793,9475,9089,9433,9529,6116.75,6349.75,6127.75,6240.75,3679.25,3861.25,3974.25,3621.25,2470.25,2470.25,2432.25,2435.25,1849.75,1973.75,1931.75,2016.75,1360.5,1236.5,1563.5,1361.5,823.5,752.5,856.5,822.5
465,10026.5,9160.5,9300.5,9490.5,9817.25,9281.25,9558.25,9461.25,10796,10611,10360,10552,11537.75,11142.75,11104.75,10935.75,10585.25,11106.25,10657.25,10639.25,9906,9749,9888,10212,6287.5,6358.5,6261.5,6425.5,3699.5,3925.5,3954.5,3712.5,2608,2471,2437,2408,2031.25,1905.25,1921.25,2018.25,1461,1404,1584,1364,749.25,703.25,782.25,705.25
480,10735.5,10233.5,9988.5,10382.5,10559,10641,10305,10004,12241,11934,11800,11347,12231.25,11686.25,12216.25,12040.25,11293.75,11504.75,11173.75,11395.75,10739.5,10504.5,10518.5,10234.5,6839.25,6698.25,6707.25,6847.25,3792.5,4074.5,3829.5,3781.5,2532.5,2460.5,2516.5,2483.5,1800.75,1944.75,1795.75,1883.75,1650.75,1338.75,1565.75,1388.75,844.75,831.75,678.75,885.75
495,11532,10928,10786,11208,12146.5,11116.5,11853.5,11676.5,13144.25,13247.25,12705.25,12580.25,12885.5,12477.5,12803.5,12429.5,11969.25,12363.25,11588.25,11909.25,10964.25,10787.25,11083.25,10995.25,6905.75,6761.75,6808.75,6894.75,3949.5,4154.5,3845.5,3794.5,2470.5,2446.5,2466.5,2406.5,1914.75,1918.75,1867.75,1802.75,1479.75,1302.75,1658.75,1373.75,810.75,877.75,832.75,866.75
510,12690.25,12177.25,11825.25,12098.25,14031.5,12889.5,13203.5,12933.5,14097.25,13895.25,13691.25,13790.25,14022.25,13332.25,13597.25,13430.25,12413,12686,12640,12480,11300.5,11367.5,11199.5,11316.5,7106,7035,7175,6878,3995,4132,3931,3825,2661.75,2426.75,2444.75,2536.75,1947.5,1863.5,1675.5,2004.5,1543.5,1252.5,1573.5,1342.5,724,764,741,871
525,13848.75,13070.75,13032.75,13037.75,14616,14158,14125,14272,15251.25,15151.25,14643.25,14287.25,14204.5,13787.5,13872.5,13748.5,12951.25,12777.25,12899.25,13048.25,11703.25,11532.25,11509.25,11939.25,7278.5,7294.5,7170.5,7289.5,4098.25,4212.25,4082.25,3987.25,2504.75,2506.75,2695.75,2505.75,2086,1762,1815,2095,1564,1291,1578,1401,812.5,780.5,597.5,767.5
540,15443.75,14800.75,14079.75,14455.75,16066,15221,15180,15297,15665.25,15416.25,15284.25,14843.25,14922,14355,14783,14309,13193,13162,13324,13177,12059.5,11801.5,12001.5,12426.5,7133.5,7245.5,7327.5,7296.5,3964.5,4158.5,4122.5,3929.5,2701.25,2454.25,2589.25,2353.25,1934,1874,1877,1931,1497.75,1321.75,1569.75,1548.75,756.5,749.5,703.5,749.5
555,16890.75,16103.75,15877.75,16148.75,17198.25,16291.25,16126.25,16338.25,16498,16010,16042,15912,15098.25,14887.25,15116.25,14785.25,13646.5,13690.5,13562.5,13584.5,12157,12174,12563,12452,7399.25,7510.25,7609.25,7470.25,4134.25,4304.25,4187.25,4007.25,2639.75,2562.75,2506.75,2520.75,1875.25,2067.25,1883.25,1895.25,1681,1463,1632,1450,668.5,682.5,823.5,814.5
570,18661.5,17953.5,17627.5,17547.5,18281.25,17344.25,16832.25,17566.25,16533.5,17077.5,16332.5,16122.5,16072.25,15523.25,15247.25,14935.25,14010.25,13871.25,13950.25,13983.25,12596,12409,12565,12770,7219,7331,7485,7502,4052.25,4360.25,4108.25,4172.25,2516.75,2625.75,2658.75,2529.75,1850.25,2097.25,1758.25,2050.25,1465,1280,1527,1581,853.75,697.75,703.75,658.75
585,19638.25,18894.25,18531.25,18611.25,18847.5,18424.5,17587.5,17596.5,17391.25,17183.25,17187.25,17064.25,15789,15634,15898,16069,14488.75,14558.75,14264.75,14390.75,13162.5,12644.5,12744.5,13217.5,7390.5,7468.5,7460.5,7371.5,4054.75,4388.75,4158.75,3985.75,2610.5,2531.5,2521.5,2536.5,1991.75,1944.75,1934.75,2003.75,1519.75,1368.75,1587.75,1330.75,703.75,860.75,866.75,757.75
600,20686.75,19802.75,19142.75,19782.75,19344.5,19029.5,17920.5,18350.5,18367.25,17983.25,17846.25,17521.25,16434,16566,16468,16103,14705.75,14952.75,14458.75,14673.75,12810.75,12858.75,13427.75,13163.75,7415.75,7692.75,7656.75,7670.75,4100.75,4290.75,4172.75,4055.75,2424,2510,2485,2512,2028.5,1808.5,1830.5,2099.5,1546,1354,1622,1454,737.5,798.5,742.5,664.5
615,21331.5,20972.5,19920.5,20580.5,20401.25,19643.25,19165.25,19339.25,18630.5,18515.5,17741.5,17379.5,17161.5,16744.5,16861.5,16697.5,15074.25,14962.25,15002.25,15177.25,13855.25,13259.25,13437.25,13594.25,7679.5,7740.5,8182.5,7796.5,4083.5,4137.5,4345.5,4104.5,2709.75,2487.75,2553.75,2532.75,1957.25,1866.25,1762.25,1906.25,1608.75,1496.75,1586.75,1421.75,773.25,802.25,803.25,833.25
630,22367.25,21313.25,21135.25,21908.25,20832,20638,19823,20309,18892.5,18765.5,18409.5,18598.5,17205,17040,17309,17308,15300,15420,15214,15424,14048,13133,13421,13819,7606.5,7657.5,7792.5,7778.5,4287.75,4446.75,4430.75,4207.75,2737,2621,2813,2623,1833.5,1916.5,1916.5,2030.5,1597,1231,1545,1262,778,757,844,801
645,23210.25,22441.25,21593.25,22423.25,22104.75,20969.75,19781.75,20640.75,19159.25,19737.25,19377.25,18916.25,17963,17655,17601,17383,15194.5,16129.5,15689.5,16001.5,13655.75,13579.75,14367.75,14151.75,7683.75,7535.75,7790.75,7649.75,4238.5,4489.5,4082.5,4114.5,2623.25,2529.25,2843.25,2507.25,2061.75,1945.75,1774.75,1873.75,1582.25,1384.25,1535.25,1462.25,780,855,829,803
660,23873,23028,22189,23425,21985.25,21582.25,20740.25,21118.25,20214,19720,19414,19244,18231,17760,17685,17632,15888,16283,16199,15919,13654.75,13847.75,14553.75,14218.75,7541.5,7903.5,7777.5,7946.5,4154,4382,4200,4081,2627.5,2694.5,2572.5,2534.5,2006.25,1799.25,1895.25,2030.25,1648,1405,1570,1449,765.25,726.25,675.25,667.25
675,24392.25,23510.25,22735.25,23150.25,22777,21652,20848,21431,20380.5,20577.5,20179.5,19564.5,18842,18200,18412,18375,16052.5,16449.5,16400.5,16660.5,13993.75,13912.75,14472.75,14580.75,7835.75,7978.75,7770.75,7756.75,4129.25,4330.25,4267.25,4136.25,2688.5,2515.5,2545.5,2574.5,1872.25,1955.25,2114.25,1936.25,1588.75,1402.75,1495.75,1175.75,961,745,778,780
690,25007.25,24072.25,23778.25,23999.25,22831.25,21655.25,21865.25,22079.25,20854.25,20407.25,20373.25,20264.25,18656.25,18897.25,19371.25,18775.25,16578.25,16511.25,16965.25,16788.25,14518,14066,14424,14360,7673,7788,7766,7770,4233.75,4296.75,4140.75,4018.75,2825.25,2749.25,2882.25,2381.25,2023.25,1805.25,1759.25,1842.25,1574,1318,1715,1443,756.25,708.25,640.25,658.25
705,25749.5,24878.5,23682.5,25008.5,22756.75,22321.75,22065.75,22002.75,21061.75,21367.75,20646.75,20605.75,19218,18842,19470,19281,16508.75,17421.75,17001.75,16860.75,14756.25,14214.25,14209.25,15032.25,7816.5,7905.5,7755.5,8027.5,4216,4258,4230,4249,2423.25,2513.25,2607.25,2521.25,1880.5,1871.5,1819.5,2028.5,1555,1319,1585,1492,901,683,620,758
720,25960.5,25460.5,24663.5,25021.5,23945.25,23271.25,22406.25,22542.25,21882.5,21499.5,21134.5,20839.5,19664.25,19477.25,20132.25,19551.25,16661.25,17012.25,17221.25,17056.25,14815.5,14332.5,14520.5,14402.5,7769.25,7702.25,7913.25,7773.25,4058.75,4376.75,4120.75,4105.75,2703.25,2544.25,2770.25,2528.25,2015,1941,1897,1825,1642.5,1338.5,1597.5,1480.5,817.75,700.75,894.75,672.75
735,26451.75,26389.75,24467.75,26551.75,24373.75,23911.75,22783.75,23527.75,22381,21948,22062,21562,19799.25,19836.25,20106.25,19701.25,17183,17885,17298,17375,14733.5,14630.5,14892.5,15134.5,7764.5,8101.5,8004.5,7973.5,4119.75,4458.75,4304.75,4202.75,2524,2583,2587,2446,1944.5,1919.5,1820.5,2180.5,1555,1238,1714,1438,702.25,767.25,632.25,771.25
750,26915.5,26025.5,25123.5,26450.5,24642.25,23763.25,23988.25,23783.25,22728.25,22472.25,22182.25,21834.25,19911.25,19802.25,20626.25,20314.25,16988,17074,17562,17549,14514,14462,14817,14726,7839.5,7982.5,7975.5,7800.5,4120.25,4257.25,4388.25,4078.25,2664.5,2542.5,2548.5,2511.5,1892.25,1793.25,1798.25,1979.25,1518.5,1326.5,1522.5,1253.5,1015,770,806,818
765,27790.25,26621.25,25978.25,27002.25,25155.25,24613.25,23754.25,24905.25,23005.75,22524.75,22416.75,22243.75,20214,19492,20477,20367,17071.5,17404.5,17706.5,17561.5,14861,14319,15273,15037,7720,8008,7955,7999,4311.75,4405.75,4367.75,4133.75,2684.5,2403.5,2455.5,2568.5,1850.75,1878.75,1799.75,2001.75,1647,1360,1515,1430,839,666,668,752
780,28270.25,27084.25,26442.25,27486.25,26122,25512,24244,24269,23661.25,23399.25,22770.25,23250.25,20660,19894,20791,20431,17098,17773,17286,17785,14887.5,14671.5,14988.5,15175.5,7835.25,8206.25,8061.25,7856.25,4203.5,4198.5,4078.5,4081.5,2649,2622,2720,2541,1906.25,1923.25,1789.25,1880.25,1486.75,1338.75,1676.75,1358.75,846.25,715.25,810.25,680.25
795,28417.75,28035.75,26909.75,27859.75,26090.25,25521.25,25061.25,24733.25,23876.75,23397.75,23264.75,22919.75,20636.75,20051.75,20182.75,20530.75,17174,17599,17438,18099,14534.25,14503.25,15076.25,14945.25,7933.5,8063.5,8184.5,8335.5,4180.5,4324.5,4352.5,4088.5,2809.25,2666.25,2664.25,2466.25,1974,1889,1881,1851,1729.75,1307.75,1594.75,1415.75,726.5,650.5,780.5,684.5
810,28824.25,28579.25,27839.25,28569.25,26954,26259,25287,25467,23729,23917,23231,23478,20809.25,19948.25,21034.25,20977.25,17368.25,18213.25,18026.25,17495.25,15015.75,14632.75,15376.75,15378.75,7843.25,7964.25,8241.25,8256.25,4308,4459,4475,4191,2514.75,2553.75,2536.75,2410.75,2029,1972,1916,1937,1534,1395,1668,1358,818.25,715.25,727.25,635.25
825,29566.25,29113.25,28181.25,29449.25,27280.5,26137.5,26211.5,25877.5,23862,23672,23910,23650,20937.5,20316.5,20565.5,20621.5,17642.25,17824.25,17902.25,18123.25,15033,14899,15027,15239,7904.5,7944.5,8283.5,8100.5,4256.25,4507.25,4352.25,4370.25,2756.5,2620.5,2676.5,2545.5,2008.25,1917.25,1954.25,1953.25,1578.25,1321.25,1606.25,1374.25,879.5,813.5,641.5,766.5
840,29976.25,29722.25,28489.25,29506.25,27163.75,26541.75,26220.75,26532.75,24148.75,24638.75,23937.75,23537.75,20639.25,20785.25,21281.25,20854.25,17550.75,17879.75,18353.75,18083.75,14821.25,14592.25,15026.25,15187.25,7930,8051,8189,8275,4266.75,4357.75,4312.75,4175.75,2757.25,2633.25,2571.25,2455.25,1825.25,1946.25,1958.25,1777.25,1742,1247,1629,1458,765.75,729.75,846.75,799.75
855,30403.5,29522.5,29449.5,29585.5,27581.75,26651.75,26975.75,27129.75,24765,24315,24468,23943,21102.5,20293.5,20865.5,21001.5,17309,18155,18043,18546,15376.5,14947.5,15651.5,15365.5,7787,7782,7897,7895,4150.5,4329.5,4209.5,4203.5,2764.5,2480.5,2612.5,2534.5,1767.75,1816.75,1959.75,2015.75,1395.25,1164.25,1570.25,1288.25,706.25,560.25,680.25,778.25
870,30845.25,30487.25,29886.25,30291.25,27879.25,27503.25,27332.25,27146.25,24798.75,24047.75,24953.75,24152.75,20898.75,20856.75,21366.75,21116.75,17129.75,18209.75,18442.75,18282.75,14917.75,14842.75,15649.75,15294.75,7689.5,8169.5,8136.5,8227.5,4270.25,4452.25,4210.25,4222.25,2703.25,2729.25,2626.25,2497.25,1973.25,1801.25,1857.25,1908.25,1703.5,1503.5,1505.5,1262.5,708.5,652.5,675.5,729.5
885,31293.75,30738.75,30538.75,30306.75,27853,27609,27546,27134,25026,24720,24261,24240,21389.25,21131.25,21368.25,21264.25,17498.75,18332.75,18363.75,18136.75,15144.75,14945.75,15597.75,14948.75,7862.25,7908.25,8357.25,8038.25,4146,4427,4327,4010,2692.75,2464.75,2604.75,2596.75,1870.75,1889.75,1881.75,1773.75,1595.5,1315.5,1743.5,1459.5,594,763,779,759
900,30809.75,30381.75,30804.75,30901.75,28321.25,27987.25,27681.25,27451.25,25512,24555,24569,24327,21466,20667,21887,21375,17847,18175,18138,18133,15269.75,15200.75,15298.75,15114.75,8172,8147,7945,8242,4214.75,4277.75,4389.75,4257.75,2754.25,2599.25,2676.25,2571.25,1908.5,1870.5,1748.5,1939.5,1608.5,1309.5,1572.5,1371.5,667.25,761.25,644.25,747.25
915,31505,31240,31072,31364,28436.75,28043.75,27853.75,27833.75,25265.25,24697.25,24665.25,24296.25,21477,21352,21758,21040,17354,18080,18619,18431,15290,14811,15435,15518,8069.5,7951.5,8411.5,7997.5,4259,4326,4139,4146,2632.25,2594.25,2627.25,2632.25,1747,1777,1775,1952,1655.75,1343.75,1608.75,1307.75,735.5,696.5,649.5,765.5
930,31299,31796,31217,31726,28807.5,28135.5,27939.5,28086.5,24985,24571,25219,24976,21454,20955,21436,21366,17707.5,18172.5,18324.5,18586.5,15568.25,15053.25,15500.25,15544.25,7892.5,8296.5,8139.5,8232.5,4310,4483,4377,4254,2624.25,2512.25,2644.25,2543.25,1916.75,1842.75,1789.75,1823.75,1597.5,1329.5,1669.5,1209.5,779,774,512,732
945,31868,31420,31355,31896,28839,28457,27928,28382,25773.5,24648.5,25101.5,24683.5,21746.5,21210.5,21898.5,21478.5,17564,18726,18385,18193,15217.75,14833.75,15630.75,16039.75,7929.5,8266.5,8411.5,8185.5,4299,4724,4348,4032,2660,2532,2708,2490,2052.75,1880.75,1969.75,1965.75,1550,1362,1473,1360,775,602,740,635
960,32137.75,32355.75,31723.75,32183.75,29148.25,28050.25,28628.25,28798.25,25722,24852,25072,24816,21404.5,21206.5,21580.5,21763.5,17669.25,18519.25,18105.25,18479.25,15407.75,14785.75,15445.75,15698.75,7953.5,8037.5,8170.5,8156.5,4230.5,4440.5,4139.5,4138.5,2835.25,2529.25,2553.25,2474.25,1901.5,1847.5,1879.5,1888.5,1503.75,1263.75,1431.75,1330.75,754.75,680.75,631.75,761.75
975,32821,32586,31789,32355,29141,28767,28768,28430,25935.25,25243.25,25544.25,25042.25,21891,21127,21798,21612,17778.5,18857.5,18447.5,18675.5,15360.5,14857.5,15509.5,15263.5,8036.25,8298.25,7974.25,8175.25,4164.5,4390.5,4275.5,4143.5,2689,2438,2662,2579,1833.75,1805.75,1832.75,1999.75,1527.5,1323.5,1546.5,1323.5,615.75,661.75,633.75,694.75
990,32633,32406,32547,31921,29705.5,28858.5,28678.5,28710.5,25903.75,25135.75,25845.75,24843.75,21637.5,21150.5,22071.5,21429.5,18110.75,18885.75,18577.75,18780.75,15326.5,15084.5,15688.5,15706.5,8047,8074,8293,8034,4361.5,4490.5,4026.5,4225.5,2742.75,2522.75,2534.75,2612.75,1885,1889,1839,1820,1567.5,1505.5,1539.5,1400.5,787.75,795.75,737.75,751.75
1005,32937.75,32841.75,32662.75,32625.75,29124.75,28448.75,28640.75,28628.75,25877.5,25661.5,25057.5,24656.5,21450,21105,21832,21590,17667.5,18199.5,18876.5,18503.5,15059,14797,15256,15520,8003.5,8457.5,8170.5,8203.5,4325.25,4438.25,4277.25,4043.25,2678.75,2611.75,2672.75,2785.75,1806.25,1734.25,1942.25,1834.25,1647,1389,1561,1361,854,762,835,776
1020,33049.25,32828.25,32421.25,32979.25,29237,29201,28848,28449,26312.75,25614.75,25213.75,25098.75,21563.75,21109.75,21927.75,21710.75,17554.75,18721.75,19020.75,18386.75,15132,14905,15941,15769,7974.5,8260.5,8515.5,8124.5,4252,4395,4222,4017,2722.5,2611.5,2617.5,2575.5,1873.5,1850.5,1840.5,1883.5,1505.75,1369.75,1628.75,1452.75,781.25,753.25,623.25,664.25
1035,32817,33133,32338,32572,29481.75,29091.75,29434.75,28745.75,25661.25,24896.25,25215.25,25016.25,21724.5,21432.5,22373.5,21602.5,17851.5,18785.5,18554.5,18904.5,15424.75,15276.75,15569.75,15793.75,7933,8129,8299,8345,4041.75,4447.75,4188.75,3975.75,2608.25,2539.25,2587.25,2628.25,1861.5,1981.5,2023.5,1976.5,1428.75,1384.75,1593.75,1324.75,735.25,695.25,708.25,803.25
1050,33358.25,33581.25,33464.25,33030.25,30509.25,29232.25,29103.25,28932.25,25975.25,25552.25,25456.25,25276.25,21821,20907,21867,22159,17715.75,18765.75,18269.75,18716.75,15030.5,14950.5,15614.5,15926.5,7940.75,8154.75,8374.75,8032.75,4169.75,4477.75,4384.75,4047.75,2578.75,2633.75,2389.75,2597.75,1802.75,1924.75,1734.75,2014.75,1376.25,1218.25,1457.25,1359.25,699,718,691,683
1065,33097.25,32886.25,33347.25,33609.25,29896.5,29070.5,28994.5,29445.5,26226,25751,25356,25158,21927.5,21716.5,22388.5,22154.5,17504.75,18764.75,18527.75,18800.75,15084,15223,15745,15694,7962,8337,8433,8296,4298.75,4465.75,4421.75,4215.75,2748.25,2561.25,2674.25,2463.25,1928.25,1956.25,1901.25,1878.25,1377.25,1241.25,1469.25,1225.25,666.75,729.75,652.75,659.75
1080,33402.25,33056.25,33480.25,33169.25,29580,29373,29263,29068,25361.5,25371.5,25921.5,25370.5,22021,21773,22181,21874,17804.75,18916.75,18973.75,18741.75,15191.25,15257.25,15853.25,15880.25,7908.75,8260.75,8321.75,8113.75,4092,4543,4205,4228,2570.5,2588.5,2479.5,2326.5,1932.75,1952.75,1816.75,1963.75,1334,1282,1573,1235,652.5,679.5,681.5,788.5
1095,33181.75,33419.75,33025.75,33091.75,29757.5,29393.5,29050.5,28919.5,26684.5,25981.5,26018.5,25471.5,22276.25,21619.25,22220.25,22318.25,17598.5,18726.5,18622.5,19140.5,15431.25,15122.25,15777.25,15794.25,7976.25,8190.25,8176.25,8268.25,4320.75,4602.75,4321.75,4414.75,2786.75,2618.75,2611.75,2596.75,1844,1916,1934,1853,1389,1329,1439,1422,820.25,876.25,668.25,753.25
1110,33268.5,33346.5,33307.5,33252.5,29835.5,29281.5,30100.5,29252.5,26265.75,25864.75,25552.75,25468.75,22199.5,21559.5,22177.5,22016.5,17734.5,18619.5,18514.5,18436.5,15278.75,15209.75,15648.75,15792.75,7888.75,8334.75,8259.75,8381.75,4032.75,4441.75,4371.75,4123.75,2814,2610,2733,2435,1946.75,1804.75,1744.75,1847.75,1564.25,1211.25,1592.25,1222.25,733.25,656.25,808.25,780.25
1125,32980.25,33322.25,33464.25,34031.25,30368,29693,29483,29286,26072.25,25989.25,25508.25,25311.25,21651.25,21475.25,22259.25,21977.25,17373.25,19036.25,19233.25,18799.25,15478,15083,15661,15567,7876,8002,8443,8137,4181.25,4588.25,4226.25,4379.25,2638,2567,2614,2516,1842.5,1896.5,1816.5,1832.5,1328.25,1278.25,1459.25,1282.25,907.75,909.75,791.75,818.75
1140,32709.25,33931.25,33308.25,33490.25,29993.25,29609.25,30088.25,29150.25,25785,25797,26145,26226,21795.75,21482.75,22269.75,22330.75,17468.75,18530.75,18694.75,18609.75,15425.75,15092.75,15450.75,16085.75,8067.75,8313.75,8314.75,8411.75,3966.75,4468.75,4094.75,4168.75,2664.5,2526.5,2572.5,2574.5,2110.25,1994.25,1786.25,2022.25,1647.25,1359.25,1435.25,1452.25,701,718,607,723
1155,33310,34040,33686,34087,29922.75,29312.75,30148.75,28952.75,26453.75,25858.75,25894.75,25406.75,22074.25,21453.25,22236.25,22243.25,17524.5,18514.5,18760.5,18835.5,15440.5,15240.5,15883.5,15938.5,8083.25,8200.25,8463.25,8186.25,4185,4399,4327,4052,2731.5,2541.5,2719.5,2454.5,1904,1827,1782,1810,1606.5,1323.5,1509.5,1327.5,760.25,737.25,689.25,774.25
1170,32739.75,33452.75,33545.75,33536.75,30389.75,29381.75,29858.75,29164.75,26680,26230,26163,25167,21964.5,21219.5,22111.5,21867.5,17654,18165,19023,18756,15399.75,15399.75,15505.75,16111.75,7899,8159,8059,8131,4130.75,4442.75,4457.75,4229.75,2566.5,2450.5,2627.5,2611.5,1924.75,1982.75,1868.75,1895.75,1441.25,1252.25,1541.25,1271.25,656.5,659.5,698.5,703.5
1185,33379.25,34159.25,33199.25,33963.25,30621.25,29603.25,29909.25,29599.25,26270.25,25433.25,26137.25,25581.25,22414,21675,22308,21821,17385.25,18876.25,18748.25,18703.25,15532.5,15207.5,15140.5,15902.5,7870,8395,8243,7992,4389.25,4393.25,4347.25,4201.25,2879.5,2511.5,2787.5,2362.5,1937.5,1750.5,1732.5,1849.5,1368.25,1257.25,1376.25,1187.25,858.75,717.75,810.75,763.75
1200,32884,33758,33509,33669,30297.25,29480.25,29982.25,29658.25,26253.75,25785.75,26214.75,25674.75,21986,21986,22252,22402,17251.5,18527.5,18577.5,18547.5,15139,15049,15382,15689,7939.75,8217.75,8327.75,8291.75,4102.5,4408.5,4130.5,4133.5,2733.25,2489.25,2609.25,2691.25,1824.5,1748.5,1889.5,1887.5,1430.25,1225.25,1523.25,1248.25,770,816,802,779